"link","city_or_region","poster","description","services","payment_methods","social_media_accounts","keywords"
"https://skipthegames.com/posts/venice-fl/massage/asian/941-888-3666100-brand-newnew-h/883835375689","venice","I see
Men
Race / Regionality
Asian
Accepted payment methods
Cash
Hours
10 am to 9 pm
Available for business
all
Location
312 S Washington Blvd, Sarasota, FL
Address
312 S Washington Blvd, Sarasota, FL
Play Online Poker
Play @ Betonline. All US residents welcomed.","⭐❤⭐312 S Washington Blvd, Sarasota, FL 34236
⭐❤⭐941-888-3666
⭐❤⭐9:30am to 9:00pm 7 days a week
⭐❤⭐New masseur working here! very beautiful!
⭐❤⭐Our curves will take your breath away!
⭐❤⭐Unique massage techniques bring you the most comfortable stress relief.
⭐❤⭐Exquisite massage techniques and gentle service attitude guarantee your satisfaction ⭐💯Beautiful, 💯Sweet, 💯Sexy, 💯⭐
💙Amazing Skill Service💚
💙Special menu gives you a new experience! 💚
❤Smooth and tender skin gives you a different touch! ❤
❤Soft hands can help you massage and relax your body❤
✨❣warm and elegant environment brings you unprecedented enjoyment
✨❣let you from the body or spirit to get the biggest enjoyment and satisfaction
✨❣Waiting for your call here, I promise you will come back
🌹There is a large parking lot in front of the store
💎Cards accepted in store
🌷There are free showers in the store
We are an agency and serve many cities photo are likeness of the females presented but may not be 100% accurate !","Types of massage
Therapeutic
Swedish
Deep","{card}","{}","{""serve many cities"",agency,pir,pos}"
"https://skipthegames.com/posts/venice-fl/massage/asian/best-massage941-800-8204first-/298119885964","venice","I see
Men
Race / Regionality
Asian
Hours
8 pm to 7 pm
Location
1515 S TAMIAMI TRAIL STE 2 VENICE
DuckyLuck Casino
Deposit now w Crypto and get 600% sign up bonus","Sapphire Massage
Call:941-800-8204
Business hours:
Monday-Saturday: 8am - 7pm
Sunday:9am - 5pm
Add:1515 S TAMIAMI TRAIL STE 2 VENICE, FL 34285
PRICE LIST
Body Massage Swedish & deep tissues
30 minutes $50
45 minutes $60
60 minutes $70
90 minutes $110
Combination A
60minutes $70
Any choice (Swedish or deep tissue)
30 minutes foot
reflexology
30 minutes body
Massage
Combination B
90 minutes $110
Any choice (Swedish or deep tissue)
30 minutes foot
reflexology
60 minutes body
Massage
🍋🍋This is a professional massage treatment center.
🍋🍋We know how to make your body more comfortable and relaxing.
🍋🍋If you feel pain in your waist or legs or various physical discomforts, please come here.
🍋🍋Our proficient massage techniques with gentle and considerate service attitude.
🍋🍋This will make your tired body and mind feel relaxed like never before.
🍋🍋We have received countless admirations and we are the most popular massage therapy center.
🍋🍋We will present you the most authentic and unique massage enjoyment.
🍋🍋I hope that you can experience it once.
⚠We are an agency and serve many cities photo are likeness of the females presented but may not be 100% accurate !","N/A","{}","{}","{pos,""serve many cities"",agency,pos}"
"https://skipthegames.com/posts/venice-fl/massage/asian/941-888-3666100-brand-newnew-h/683123685606","venice","I see
Men
Race / Regionality
Asian
Accepted payment methods
Cash
Hours
10 am to 9 pm
Available for business
all
Location
312 S Washington Blvd, Sarasota, FL
Address
312 S Washington Blvd, Sarasota, FL
Private Offshore Sportsbetting.
Bet on NFL here.","⭐❤⭐312 S Washington Blvd, Sarasota, FL 34236
⭐❤⭐941-888-3666
⭐❤⭐9:30am to 9:00pm 7 days a week
⭐❤⭐New masseur working here! very beautiful!
⭐❤⭐Our curves will take your breath away!
⭐❤⭐Unique massage techniques bring you the most comfortable stress relief.
⭐❤⭐Exquisite massage techniques and gentle service attitude guarantee your satisfaction ⭐💯Beautiful, 💯Sweet, 💯Sexy, 💯⭐
💙Amazing Skill Service💚
💙Special menu gives you a new experience! 💚
❤Smooth and tender skin gives you a different touch! ❤
❤Soft hands can help you massage and relax your body❤
✨❣warm and elegant environment brings you unprecedented enjoyment
✨❣let you from the body or spirit to get the biggest enjoyment and satisfaction
✨❣Waiting for your call here, I promise you will come back
🌹There is a large parking lot in front of the store
💎Cards accepted in store
🌷There are free showers in the store
We are an agency and serve many cities photo are likeness of the females presented but may not be 100% accurate !","Types of massage
Deep
Therapeutic
Swedish","{card}","{}","{""serve many cities"",agency,pir,pos}"
"https://skipthegames.com/posts/venice-fl/massage/asian/best-massage941-800-8204smile-/150041369990","venice","I see
Men
Race / Regionality
Asian
Hours
8 am to 7 pm
Location
1515 S TAMIAMI TRAIL STE 2 VENICE
Male Enhancement Supplement.
Longer + Stronger + Harder. Buy it here.","Sapphire Massage
Call:941-800-8204
Business hours:
Monday-Saturday: 8am - 7pm
Sunday:9am - 5pm
Add:1515 S TAMIAMI TRAIL STE 2 VENICE, FL 34285
PRICE LIST
Body Massage Swedish & deep tissues
30 minutes $50
45 minutes $60
60 minutes $70
90 minutes $110
Combination A
60minutes $70
Any choice (Swedish or deep tissue)
30 minutes foot
reflexology
30 minutes body
Massage
Combination B
90 minutes $110
Any choice (Swedish or deep tissue)
30 minutes foot
reflexology
60 minutes body
Massage
🍋🍋This is a professional massage treatment center.
🍋🍋We know how to make your body more comfortable and relaxing.
🍋🍋If you feel pain in your waist or legs or various physical discomforts, please come here.
🍋🍋Our proficient massage techniques with gentle and considerate service attitude.
🍋🍋This will make your tired body and mind feel relaxed like never before.
🍋🍋We have received countless admirations and we are the most popular massage therapy center.
🍋🍋We will present you the most authentic and unique massage enjoyment.
🍋🍋I hope that you can experience it once.
⚠We are an agency and serve many cities photo are likeness of the females presented but may not be 100% accurate !","N/A","{}","{}","{""serve many cities"",agency,pos}"
"https://skipthegames.com/posts/venice-fl/female-escorts/asian/let-me-help-you-unwind-and-rel/183778652868","venice","I see
Men
Race / Regionality
Other, Persian / Arabic, Asian
Hair color
Black
Accepted payment methods
Cash, CashApp, PayPal
Available for
Outcall
Location
Venice, northport
Weight
141 lb
Height
5ft 4in - 5ft 7in
Bust/waist/hips
34/27/32 in
Breasts
Small/petite
Grooming down under
Trimmed
Piercing
Hidden
Tattoos
Very visible or many
Social activities
Smoke
Free Slot Spins at Slots & Casino
Deposit now w Crypto and get 300% sign up bonus","Tia🌙
Outcall
$50 deposit or a favor is required!
$$$
🧭 Venice
smoke?
(relax unwind enjoy)
I also massage, caress, hair play,cuddle and complete relaxation🫂
420 friendly✌️
sc: tialuna_x69
8038688805","Activities this service provider may enjoy
Girlfriend experience (GFE)
Role-playing
Oral - receiving (DATY)
Toy show
Massage - sensual","{deposit}","{}","{pal,outcall,pos,outcall,pos,pos}"
"https://skipthegames.com/posts/venice-fl/female-escorts/asian/941-557-4034new-facepretty-fri/975332861855","venice","I see
Men
Race / Regionality
Asian
Hair color
Black
Accepted payment methods
Cash
Available for
Incall
Hours
9 am to 10 pm
Location
5603 26th St W, Bradenton,FL 34207
Weight
110 lb
Height
5ft or less
Breasts
Wow
Grooming down under
Natural
Piercing
None
Tattoos
None
Keep your sportsbetting winnings private.
Fund & withdraw your NFL winnings with crypto.","Cosmetic and massage
941-557-4034
9:30AM- 10PM
Address:5603 26th St W, Bradenton,FL 34207
Grand opening Asian massage & body work services:
Swedish,deep tissue ,hot stone ,stretch massage
30 mins -$60
60 mins -$80
90 mins -$120
walk - in only , cash only . No outcall
No appointment needs
NO Mobile / Home services , We are only have one Location
🌹🌹🌹We are cute and sexy Asian girls~
💚⎛💕⎞💚We are free now, waiting for your visit
⭐☯♋⭐There are clean and tidy rooms and a warm and comfortable environment
🍎🍎🍎Unique massage techniques and professional techniques make you completely relax
💎💎💎We will provide you with the most unexpected high-level massage services and some you like
✅✅✅If you try to find a perfect massage parlour or shocking Asian girl
⭐⭐⭐⭐⭐Why not come here, the five-star service attitude and gentle smile will make you forget the pressure and troubles of the whole day
👉👉╔═Call me, hope we meet in 30 minutes~
We are an agency and serve many cities. Photos are a likeness of the girls presented but may not be 100% accurate.","N/A","{cash}","{}","{incall,outcall,""serve many cities"",agency,pos}"
"https://skipthegames.com/posts/venice-fl/female-escorts/caucasian_e/available-now-in-lakewood-ranc/697028684913","venice","I see
Men
Race / Regionality
Caucasian (E. European / Russian), Exotic / Mix, Caucasian (N. American / W. European)
Hair color
Brunette (brown)
Accepted payment methods
PayPal, CashApp, Cash
Available for
Outcall, Incall
Hours
9 am to 6 pm
Location
Lakewood ranch and i75
Weight
126 lb
Height
5ft 1in - 5ft 3in
Bust/waist/hips
36/27/35 in
Breasts
Large
Grooming down under
Trimmed
Piercing
Visible
Tattoos
Discreet
Big Ed's US Pharmacy
Get your HARD DICK pills delivered in 3-4 days","hello gentlemen
if you are looking for some thing genuine and authentic, that won't waste your time, then I am the girl for you. I will respect and take your time seriously, not waste it, so please do the same for me. I am seriously sensual and too horny for my own good 🤪
available now in Lakewood Ranch
hhr 200/ hr 300
outcalls available depending on location please add a $50 travel fee
9414043559","Activities this service provider may enjoy
Fantasy outfits (on request)
Water sports - giving
Massage - sensual
Face sitting
Kissing - closed lips
Oral - receiving (DATY)
Breast relief / Russian
Oral - without condom (BBBJ)
Oral - CIM
Domination - mild (BDSM)
Role-playing
Intercourse - Oral
Girlfriend experience (GFE)
Lunch / dinner dates
Submission
Intercourse - Vaginal (FS)","{}","{}","{pal,outcall,incall,travel,outcall,pos}"
"https://skipthegames.com/posts/venice-fl/female-escorts/caucasian_w/running-incall-specials-gfe-av/573590431547","venice","I see
Couples, Women, Men
Race / Regionality
Caucasian (N. American / W. European)
Hair color
Blonde
Accepted payment methods
PayPal, Venmo, CashApp, Cash
Available for
Incall, Outcall
Location
Sarasota
Weight
119 lb
Height
5ft 4in - 5ft 7in
Bust/waist/hips
34/27/36 in
Breasts
Medium
Grooming down under
Shaved
Piercing
None
Tattoos
Discreet
Social activities
Drink, Smoke
Private Offshore Sportsbetting.
Bet on NFL here.","No deposits required within 45 mins of my place, no games, no drama, discretion is my middle name 💯🤫
also running a deal for 2 hour GFE incall so text me
satisfaction guaranteed
onlyfans.com/hellokitty93
Heyyy yall! Marie here, sweet, sexy, sassy, and down to do things you've only dreamed of. Wanna make those dreams reality?, cum play 😜
Suggested donations
QV 250
HH 350
45 mins 400
Hour 500
GFE 800
overnight 2500
Greek virgin but for the right donation that can change
No Nos session 5000","Activities this service provider may enjoy
Fantasy outfits (on request)
Massage - therapeutic
Intercourse - Vaginal (FS)
Role-playing
Domination - severe
Travel / extended dates
Toy show
Kissing - closed lips
Will entertain couples
Oral - CIM
Striptease
Pornstar experience (PSE)
Face sitting
Prostate massage
Rimming - receiving
Domination - mild (BDSM)
Girlfriend experience (GFE)
Oral - without condom (BBBJ)
Deep throat
Massage - sensual
Oral - receiving (DATY)
Lunch / dinner dates
Service by two providers
Kissing - deep (DFK)
Submission
Will entertain women
Intercourse - Oral
Breast relief / Russian
Multiple sessions within date time (MSOG)
Water sports - giving","{""no deposit"",deposit,donation}","{onlyfans}","{pal,outcall,incall,travel,pos,incall,pos,incall}"
"https://skipthegames.com/posts/venice-fl/female-escorts/asian/941-557-4034sweet-hotnew-faceb/905043190499","venice","I see
Men
Race / Regionality
Asian
Hair color
Black
Accepted payment methods
Cash
Available for
Incall
Hours
9 am to 10 pm
Location
5603 26th St W, Bradenton,FL 34207
Weight
110 lb
Height
5ft or less
Breasts
Wow
Grooming down under
Natural
Piercing
None
Tattoos
None
Keep your sportsbetting winnings private.
Fund & withdraw your NFL winnings with crypto.","Cosmetic and massage
941-557-4034
9:30AM- 10PM
Address:5603 26th St W, Bradenton,FL 34207
Grand opening Asian massage & body work services:
Swedish,deep tissue ,hot stone ,stretch massage
30 mins -$60
60 mins -$80
90 mins -$120
walk - in only , cash only . No outcall
No appointment needs
NO Mobile / Home services , We are only have one Location
⭐❤️If you are looking for the best massage, we are your best choice.
💚⭐Through the training of amazing techniques, will let you get the most complete relaxation
⭐❤️Sweet, sexy, hot Asian girl.☆
💚⭐You will never forget this wonderful experience.
⭐❤️We have nice, clean and comfortable single rooms.
💚⭐We hereby assure you of your satisfaction with our services.
⭐❤️I’m well trained to pamper you, as I enjoy the time we spend together, you will not be Rushed or hurried out the door.
We are an agency and serve many cities. Photos are a likeness of the girls presented but may not be 100% accurate.","N/A","{cash}","{}","{incall,outcall,""serve many cities"",agency,pos}"
"https://skipthegames.com/posts/bonita-springs-fl/massage/latin/alicia-75-specials---239-321-0/864135519032","bonita springs","I see
Men
Race / Regionality
Latin / Brazilian
Accepted payment methods
Venmo, PayPal, CashApp, Cash
Available for
Incall
Hours
11 am to 10 pm
Available for business
all
Location
SW Florida
Address
SW Florida
Get your Hard Dick pills here.
Same active ingredient as Viagra® @$60/mo.","$Specials !!! Hi , I'm available every day at a Private , Clean , Discreet location ! I offer a very relaxing session , stress free !!! I'm available daily (10- 10) Please call Alicia for details @ 239-321-0236 !!! Pics are 100 % Real !!! 100% Satisfaction ! NO TEXTS !!!!! NO TEXTS !!!! NO TEXTS !!!! / No Private Calls / No Emails/ //// $20 Dick Rating ///$100 Dick Rating Video/// $40 Custom Voice Message /// $250 for a Custom Personel Video ///$350 Custom Personel Video ///$150 For Panties plus Shipping ///$50 15 minute Phone Sex ///$50 15 minute Sexting","Types of massage
Oil
Swedish
Therapeutic
Deep","{}","{}","{}"
"https://skipthegames.com/posts/venice-fl/female-escorts/asian/941-557-4034new-facepretty-fri/081528903897","venice","I see
Men
Race / Regionality
Asian
Hair color
Black
Accepted payment methods
Cash
Available for
Incall
Hours
9 am to 10 pm
Location
5603 26th St W, Bradenton,FL 34207
Weight
110 lb
Height
5ft or less
Breasts
Wow
Grooming down under
Natural
Piercing
None
Tattoos
None
Online Casino Gambling
Deposit now and get 500% sign up bonus; 600% with Crypto","Cosmetic and massage
941-557-4034
9:30AM- 10PM
Address:5603 26th St W, Bradenton,FL 34207
Grand opening Asian massage & body work services:
Swedish,deep tissue ,hot stone ,stretch massage
30 mins -$60
60 mins -$80
90 mins -$120
walk - in only , cash only . No outcall
No appointment needs
NO Mobile / Home services , We are only have one Location
🌹🌹🌹We are cute and sexy Asian girls~
💚⎛💕⎞💚We are free now, waiting for your visit
⭐☯♋⭐There are clean and tidy rooms and a warm and comfortable environment
🍎🍎🍎Unique massage techniques and professional techniques make you completely relax
💎💎💎We will provide you with the most unexpected high-level massage services and some you like
✅✅✅If you try to find a perfect massage parlour or shocking Asian girl
⭐⭐⭐⭐⭐Why not come here, the five-star service attitude and gentle smile will make you forget the pressure and troubles of the whole day
👉👉╔═Call me, hope we meet in 30 minutes~
We are an agency and serve many cities. Photos are a likeness of the girls presented but may not be 100% accurate.","N/A","{cash}","{}","{pos,incall,outcall,""serve many cities"",agency,pos}"
"https://skipthegames.com/posts/bonita-springs-fl/female-escorts/exotic/sexy-foreign-baddie-leaving-to/516268938806","bonita springs","I see
Men
Race / Regionality
Exotic / Mix
Hair color
Black
Accepted payment methods
Cash, PayPal, CashApp
Available for
Outcall
Location
Fort Myers
Weight
130 lb
Height
5ft 1in - 5ft 3in
Breasts
Medium
Grooming down under
Trimmed
Piercing
Visible
Tattoos
Very visible or many
Social activities
Smoke
Hundreds of Casino Games
Deposit now and get 300% sign up bonus; 500% with Crypto","Hey my name is Kirsta but they call me wet wet cause this pussy never fails to amaze ! I video verify and don't ask for deposits. Give me a text or call but don't waste my time by trying to negotiate my prices please ! You can contact me thru here 786-299-4872","Activities this service provider may enjoy
Massage - sensual
Travel / extended dates
Kissing - closed lips
Lunch / dinner dates
Massage - therapeutic
Intercourse - Vaginal (FS)
Oral - without condom (BBBJ)
Girlfriend experience (GFE)
Oral - CIM
Striptease
Intercourse - Oral
Submission
Deep throat","{deposit}","{}","{}"
"https://skipthegames.com/posts/bonita-springs-fl/female-escorts/caucasian_w/drill-baby-drill/564544080012","bonita springs","I see
Women, Men, Couples
Race / Regionality
Caucasian (N. American / W. European)
Hair color
Blonde
Accepted payment methods
Cash, Venmo, CashApp, PayPal, Crypto Currency
Available for
Incall
Location
Fart Myers
Weight
150 lb
Height
5ft 4in - 5ft 7in
Breasts
Wow
Grooming down under
Shaved
Piercing
Hidden
Tattoos
Discreet
Keep your sportsbetting winnings private.
Fund & withdraw your NFL winnings with crypto.","Treat me like the Gulf of Mexico, drill into me and make a huge mess.
nobody puts baby in the corner
((what you do is))
cum on baby.....
((light my OUT OF CONTROL WILD FIRES)
Pile of dicks, I mean Politics aside, California dreamin' on such a winters day. CA you're in my heart... on. I am so sorry your own policies you chose against good judgement gave you such a fatal, fucked bite. That's a sign from the stars you need to realign. DEI is dead. That fire chief is a fired hire, ugly lesbian. It's still hard to believe that's even a thing, you hear lesbo you think ""hawt like flames that engulfs a huge, prominent city."" Then Mz. Mayor Karen bASS, mouth breather cuz she sure can't talk her career DEI'ied on live television in front of millions. lol, and those stupid fuqs want to run our country. It took 3 terms of right wing republicans in a row to stabilize the grief from 39th prez Carter, oh btw RIP and you are shined brightly for your never ending good heart and doing you're best for peace on earth. Be the change you wish to see in the world. FIRST RULE OF HIRING DEI IS IF THEY DONT MEET ANY OF THE QUALIFICATIONS AT LEAST MAKE SURE THEYRE HAWT AS HELL. Should have never taken tens of millions of dollars and send life saving fire gear to Ukraine, along with more of our tax dollars, and more of our already low supply of weapons. Why was the mayor in Africa celebrating new leadership when she isn't going todo the same in her own country? How cum no one shaved Cali's bush for decades? Or gave this beautiful place some water cuz clearly she got some Grateful white on white, and is still tripping. Califroniacations are not the same as qualified applications. Stop getting so high and stop your shit with the DEI. I can hear CA crying right meow. ""Give me some water, cuz I killed a man on the Mexican border, cool, cool water."" But fur reals, I love Cali, please get well soon. I've got the red, white, and blues for yous.
But baby I'm wetter than the ocean, dive in.
Hope you know how to swim, cuz I'm wet as FUQ. I also promise to never share a burning bush with anyone for I get tested regularly and happy to share the results with anyone. I take care of my responsiberries.
after my rant you're thinkin 'damn, is this chick terrorist propaganda because I could listen to you all day.'
What I am is you're much needed pleasurable, safe, getaway. Real, fun, recent, open minded, kind, no rush, if you feel shy we can take our time. My photos are real, recent, and unedited. I'm happy to verify and feel free to film the fun. If you'd like a glimpse of how I play I have amazing content that you must see. I am everything you never knew you always wanted. NO GLOVE NO LOVE-NO KISSING-NO GREEK-NO OUTCALL.
kink is kool. Call me lizard and throw me at the wall.
Thanks to the Biden administration, dirty deeds will no longer be done dirt cheap.
bj. $100 hhr. $180 hr. $240 to infinity and beyond.
LETS HUMP FOR TRUMP.
Drill baby Drill. I got the Skill baby Skill.
save your breath and send a text
239-888-3495
I need at least a half hours notice. Good things take time.
let Medusa seduce ya.
ps, always game to travel out of state for you. I can show you my reviews to places I've been invited to.
what are you waiting for? We're here for a good time, not a long time! <3
let me be your favorite regret.","N/A","{}","{}","{}"
"https://skipthegames.com/posts/bonita-springs-fl/female-escorts/black_caribbean/outcall-only-no-aa-im-im-kathe/434830985408","bonita springs","I see
Men
Race / Regionality
Black / Caribbean
Hair color
Black
Accepted payment methods
Venmo, CashApp, Cash
Available for
Outcall
Location
Lee County
Weight
141 lb
Height
5ft 1in - 5ft 3in
Breasts
Medium
Grooming down under
Trimmed
Piercing
None
Tattoos
Discreet
Social activities
Drink
Daily Cash Back
Play Blackjack, Slots, Caribbean Stud and more","120 Quick Visit 150 Half Hour 250 hour 350
check me out on a few platforms and if that main dish isn't appealing or that side dish not fulfilling then maybe one of my bodywork treatments will hit the spot
I don't send photos at all only contact me when you're 100 percent sure you're ready for me love no bullshit no pimps
And no games or bullshit PLEASE","Activities this service provider may enjoy
Rimming - receiving
Submission
Face sitting
Intercourse - Vaginal (FS)
Oral - receiving (DATY)
Striptease
Water sports - receiving
Intercourse - Oral
Lunch / dinner dates
Massage - sensual
Water sports - giving
Breast relief / Russian
Deep throat
Fantasy outfits (on request)
Oral - CIM
Prostate massage
Service by two providers
Girlfriend experience (GFE)
Kissing - closed lips
Pornstar experience (PSE)
Travel / extended dates
Domination - mild (BDSM)
Domination - severe
Oral - without condom (BBBJ)
Role-playing
Will entertain women
Intercourse - Anal (Greek)
Massage - therapeutic
Kissing - deep (DFK)
Multiple sessions within date time (MSOG)
Toy show
Will entertain couples","{}","{}","{}"
"https://skipthegames.com/posts/bonita-springs-fl/female-escorts/caucasian_w/i-will-blow-your-/958830887488","bonita springs","I see
Couples, Men
Race / Regionality
Caucasian (N. American / W. European)
Accepted payment methods
PayPal, Venmo, Cash
Available for
Incall, Outcall
Hours
8 am to 12 midnight
Location
Ft myers
Weight
110 lb
Height
5ft 1in - 5ft 3in
Breasts
Medium
Grooming down under
Shaved
Tattoos
Very visible or many
Private Offshore Sportsbetting.
Bet on NFL here.","I’m here to teach, enlighten, and heal you
through my wellness sessions. 🥰
This is your chance to gain control over your prostate health.
The Truth They Hid From You
Until the 20th century, natural prostate massage was widely practiced as a key to men’s health. But when Big Pharma realized they couldn’t patent it, they buried the truth and replaced it with expensive pills and invasive treatments.
Prostate massage naturally flushes out toxins that build up over time.
It rejuvenates the gland, promoting long-term health and vitality.
Your body was designed to heal itself—and prostate massage is part of that process.
The Biggest Orgasm You Never Knew About
This isn’t your typical release. A prostate orgasm is:
Deeper and longer-lasting than any penile orgasm.
Triggered by powerful contractions that cleanse the prostate.
A complete reset that flushes toxins regular ejaculation can’t reach.
The result? An unmatched sensation of rejuvenation, clarity, and vitality—both physically and mentally.
Prostate Health Meets Balance
Prostate massage isn’t just about cleansing your gland. It also:
Aligns your root chakra, bringing a deep sense of balance and peace.
Creates a lingering lightness and clarity that lasts for up to two days.
Promotes holistic wellness by connecting your mind, body, and spirit.
This practice goes beyond pleasure—it’s about total health and balance.
Join the Movement with Wellness Sessions
My wellness sessions are designed to:
Teach and enlighten you about natural prostate health.
Help you experience the cleansing and rejuvenating benefits of prostate massage.
Empower you by teaching the fundamentals of the practice so you can take control of your own health.
Guide you toward balance, vitality, and peace through holistic techniques.
These sessions are about more than just health—they’re about discovering a new level of enlightenment and empowerment.
Discover ProstateQueen.com
I’m launching ProstateQueen.com to share this truth with the world. It’s time to:
Take control of your health naturally.
Break free from Big Pharma’s hold.
Discover what they’ve been hiding from you.
There is a whole world inside that prostate. Open your eyes, take the first step, and experience the transformation you deserve.
Text only please for consultation appointment
With love,
Madame D
The Prostate Queen 👑","Activities this service provider may enjoy
Prostate massage","{}","{}","{}"
"https://skipthegames.com/posts/bonita-springs-fl/male-for-female-escort/black_caribbean/looking-for-some-threesomes-fu/410777853240","bonita springs","I see
Women, Couples, Men
Race / Regionality
Black / Caribbean
Hair color
Black
Hair Length
Short
Faicial Hair
Beard
Body Hair
Smooth
Eye color
Brown
Accepted payment methods
CashApp, Cash
Available for
Outcall
Location
Fort Myers
Weight
134 lb
Body type
Average
Penis
7 - 8.99"", Thick, Uncut
Grooming down under
Shaved
Piercing
None
Tattoos
None
Social activities
Smoke
Daily Cash Back
Play Blackjack, Slots, Caribbean Stud and more","Look to have a good time well call or text us no games please or u will be blocked ask for Mike or Kim for quick response 5209998612 see u soon couples welcome as well
Threesome and foursome 300
Just Kim 200
Just Mike 150","Activities this service provider may enjoy
Rimming (give)
Massage - sensual
Intercourse, anal (give)
Lunch / dinner dates
Water sports - receiving
Water sports - giving
Oral (receive)
Oral (give)
Submission
Kissing - deep (DFK)
Intercourse, vaginal (give)
Domination - severe
Striptease
Role reversal (strap-on)
Will entertain couples
Toy show
Role-playing
Fantasy outfits (on request)
Boyfriend experience (BFE)
Will entertain men
Travel / extended dates
Rimming - receiving
Massage - therapeutic
Domination - mild (BDSM)
Cultured conversation","{}","{}","{}"
"https://skipthegames.com/posts/bonita-springs-fl/female-escorts/latin/thick-brizl-juicy-bbw-god-of-p/336566086966","bonita springs","I see
Men, Couples, Women
Race / Regionality
Latin / Brazilian
Hair color
Redhead
Accepted payment methods
CashApp, Venmo, Visa/MC, PayPal, Cash
Available for
Outcall, Incall
Location
CAPE CORAL
Height
5ft 4in - 5ft 7in
Breasts
Wow
Grooming down under
Shaved
Piercing
None
Tattoos
Very visible or many
Big Ed's US Pharmacy
Get your HARD DICK pills delivered in 3-4 days","INCALL IN CAPE CORAL AND OUTCALL AVAILABLE upon appointment and or immediate request!!!!!😘
Young, exotic, open minded Brazilian, willing to please. I am a plus size woman 48DDD .. all natural THICK THIGHS AND ROUNDED IN PERFECTION... Open minded and talented lips skill
Hello gentlemen, My name is CARMELLA
I’m your favorite Brazilian BBW young babe with skills that will blow your mind & leave you day-dreaming after our session.. Stop your search here and let me satisfy your every need. I’m sexy, perfectly rounded ,and tight. Sophisticated with a naughty side :) My Thick waist paired with a perfect big triple D tits and well round, and juicy boobs leaves no hands empty. I’ve heard the views are amazing ;) Of course, your time with me is always well respected, as I would expect the same thing coming from a gentleman. If you feel yourself having some questions for me, please do not be explicit or disrespectful in any way when reaching out. I’m a very easy woman to talk to, super sweet, and a great listener.
AVAILABLE INCALL AVAILABLE 24/7 LOCATED IN CAPE
NO B.S.... if you do not like BBW do not waste my time your time is very valuable and so is mine offer true luxury companionship with comforts of many styles and also very discreet. Hygiene is very important to me. Must have high hygiene must meet my hygienic standards in order to be in my luxurious Brazilian comforts.
45 and older preferred / Caucasians
🚫No party environment
🚫No Greek
🚫No car dates
INDEPENDENT COLLEGE GIRL LOOKING I HAVE FUN
🚫 don't waste my time NO BS POLICY
🚫NO GREEK
🚫do not contact me...... if you do not like big beautiful women that are super thick and exotic and super open minded
available for incall located in Cape Coral available for outcalls Southwest Florida
55 and older specials available
8136190229","Activities this service provider may enjoy
Pornstar experience (PSE)
Fantasy outfits (on request)
Oral - receiving (DATY)
Multiple sessions within date time (MSOG)
Water sports - receiving
Travel / extended dates
Submission
Domination - mild (BDSM)
Intercourse - Oral
Kissing - deep (DFK)
Girlfriend experience (GFE)
Face sitting
Massage - sensual
Oral - without condom (BBBJ)
Rimming - receiving
Intercourse - Vaginal (FS)
Service by two providers
Water sports - giving
Will entertain women
Deep throat
Oral - CIM
Kissing - closed lips
Domination - severe
Breast relief / Russian
Lunch / dinner dates
Prostate massage
Massage - therapeutic
Role-playing
Toy show
Will entertain couples
Striptease","{}","{}","{}"
"https://skipthegames.com/posts/bonita-springs-fl/ts-escorts/latin/hola-que-talsoul-suckermassage/722743786223","bonita springs","I see
Men
Race / Regionality
Latin / Brazilian
Hair color
Black
Eye color
Brown
Accepted payment methods
Cash, CashApp
Available for
Outcall
Location
Lee
Weight
190 kg
Height
5ft 8in - 5 ft 11in
Breasts
Medium
Piercing
None
Tattoos
None
Social activities
Smoke, Drink
Harder & Longer fun.
Buy your pills 100% online from a US Pharmacy here.","outcall (deposit)
~~ offer massages , best in town~~. will leave your body in deep relaxation, your body will yearn for me , wanting me to come relief all that build up tension in your body. . . ❗️
First most THANK YOU for stopping by and reading my ad!!️That being said let me be the one to worship that throbbing cock as you lay back and relax or take control and Pound my throat to your pleasuring ...
Snap : significant_nun
kik : none_891
WhatsApp : 8638430544
•hablo espanol•
🇲🇽🫦💦
Resérdame hoy
request on demand
contact today
🩶I TRAVEL COME TO YOU🩶
💙 IMMOKALEE 💙 LABELLE 💙 FORT MYERS 💙 LEHIGH ACRES 💙 NAPLES 💙 CAPE","Activities this service provider may enjoy
Role-playing
Oral (give)
Deep throat
Girlfriend experience (GFE)
Domination - mild (BDSM)
Intercourse, anal - bottom (receive)
Massage - sensual
Massage - therapeutic","{deposit}","{snap,kik,whatsapp}","{}"
"https://skipthegames.com/posts/bonita-springs-fl/female-escorts/exotic/honeyy/209173560266","bonita springs","I see
Men
Race / Regionality
Exotic / Mix
Hair color
Blonde
Accepted payment methods
Venmo, Cash, CashApp, PayPal
Available for
Incall, Outcall
Location
Florida
Breasts
Small/petite
Grooming down under
Natural
Piercing
Visible
Tattoos
Very visible or many
Big Ed's US Pharmacy
Get your HARD DICK pills delivered in 3-4 days","https://onlyfans.com/kashbxbybankxxxstaywet
https://twitter.com/kashbxby_bankxx
I provide outcalls to gentlemen only!
I am clean, discreet with no drama ❤️
NO LOWBALLERS, NO CAR DATES
Looking for a night of fun or a night to relax in you're girl ⭐️⭐️⭐️
Content for sale & FaceTime shows 💕 feet pictures and special request available too don't be shy ❤️","Activities this service provider may enjoy
Massage - therapeutic
Travel / extended dates
Pornstar experience (PSE)
Lunch / dinner dates
Domination - mild (BDSM)
Massage - sensual
Fantasy outfits (on request)
Girlfriend experience (GFE)
Toy show
Striptease","{}","{onlyfans,twitter}","{}"
"https://skipthegames.com/posts/bonita-springs-fl/ts-escorts/latin/throat-goddessgangbang-dame-le/753850171124","bonita springs","I see
Men
Race / Regionality
Latin / Brazilian
Hair color
Black
Eye color
Brown
Accepted payment methods
CashApp, Cash
Available for
Outcall
Location
Lee
Weight
190 kg
Height
5ft 8in - 5 ft 11in
Breasts
Medium
Piercing
None
Tattoos
None
Social activities
Drink, Smoke
Weight Loss made easy
Buy Hollywood's preferred weight loss injectable here.","Cardate🍌QV💕OutCall
Need me a man to come and slip my panties to the side and slowly touch my body all over as you finger my nice tight hole. Stick that finger in my mouth ... use me tonight . I need to ride a fat cock and feel it down my throat . . cardate🍌QV💕 I wanna suck your soul out tonight . Come let me taste you ...
Contact me today "" will provide the best message you will ever come across the global. Leaving your body in cloud 9 with such deep relaxation that you've never have experienced ever before you meet me. So contact me today. I come to your comfort of your choice of location. What you waiting for... do you not need to relax and be touched, I'll be waiting!
WhatsApp : También puedes enviarme un mensaje de texto o llamarme aquí
. for the ones who don't need a massage
Snapchat: Significant_nun
KiK: None_891
💎DEPOSIT TO TRAVEL TO YOU💎
❗IMMOKALEE ❗LABELLE ❗FORT MYERS ❗LEHIGH ACRES ❗NAPLES ❗️CAPE","Activities this service provider may enjoy
Role-playing
Massage - therapeutic
Submission
Massage - sensual
Intercourse, anal - bottom (receive)
Oral (give)
Travel / extended dates
Deep throat
Striptease
Girlfriend experience (GFE)
Domination - mild (BDSM)","{deposit,card}","{snapchat,snap,kik,whatsapp}","{}"
"https://skipthegames.com/posts/bonita-springs-fl/female-escorts/latin/brazilian--bbw-playbunny--squi/978782990606","bonita springs","I see
Women, Couples, Men
Race / Regionality
Latin / Brazilian
Hair color
Redhead
Accepted payment methods
PayPal, Visa/MC, CashApp, Cash
Available for
Incall, Outcall
Location
Southwest Florida
Height
5ft 4in - 5ft 7in
Breasts
Wow
Grooming down under
Shaved
Piercing
None
Tattoos
Very visible or many
Get your Hard Dick pills here.
Same active ingredient as Viagra® @$60/mo.","100% REAL AND DISCREET
In call or outcall special available for Any age
but I do hold specials for men that are 55 and older
45 and older preferred / Caucasians
Hello Gentlemen,8136190229
I am the beautiful CARMELLA , a sensual, delightful, independent, classy & discreet upscale companion. I’m EXACTLY what you need.
I enjoy catering to the respectful & generous gentlemen, who knows how to allow a woman to cater to their needs.
A Moment with Me is Very Relaxing, Non Rushed, Comfortable & Unforgettable.
Treat me Good & I’ll Treat you even BETTER!
If you crave an enticing, fun time, you came across the right one! Lets Vibe & enjoy some time together
🚫I did not put you on the time clock but yet I do not like you to take advantage. I HAVE A NO RUSH POLICY
🚫 don't waste my time NO BS POLICY
🚫NO GREEK
🚫do not contact me if you do not like big beautiful women that are super thick
🚫 No partying
🚫NO CAR FUN","Activities this service provider may enjoy
Travel / extended dates
Fantasy outfits (on request)
Will entertain women
Domination - severe
Oral - CIM
Multiple sessions within date time (MSOG)
Service by two providers
Rimming - receiving
Deep throat
Massage - therapeutic
Water sports - giving
Massage - sensual
Will entertain couples
Oral - receiving (DATY)
Lunch / dinner dates
Toy show
Kissing - closed lips
Submission
Breast relief / Russian
Water sports - receiving
Domination - mild (BDSM)
Oral - without condom (BBBJ)
Girlfriend experience (GFE)
Striptease
Intercourse - Oral
Role-playing
Face sitting
Kissing - deep (DFK)
Intercourse - Vaginal (FS)","{}","{}","{}"
"https://skipthegames.com/posts/bonita-springs-fl/phones-and-websites/no-meets-5/976207878846","bonita springs","I see
Couples, Women
Location
Ohio
Weight Loss made easy
Buy Hollywood's preferred weight loss injectable here.","No meets content only
cheap video bundles $25 for 25 solo videos
$50 sexting
mo meets
online only","N/A","{}","{}","{}"
"https://skipthegames.com/posts/fort-myers/female-escorts/black_caribbean/2393881740slippery-when-its-to/323637226419","fort myers","I see
Women, Couples, Men
Race / Regionality
Black / Caribbean
Hair color
Brunette (brown), A funky mix, Redhead
Accepted payment methods
Cash, CashApp, Venmo
Available for
Incall, Outcall
Location
Fort Myers
Breasts
Small/petite
Grooming down under
Shaved
Big Ed's US Pharmacy
Get your HARD DICK pills delivered in 3-4 days","Slim thick and cute🍒💦😍
•Are you looking for some relaxing time and a fun time daddy?😌 Look no further I’m the one for you🫵🏽🫦
•Get your time and money’s worth 🎉
•Leave drama and bs at home 😙
•Don’t hit me up if you’re not looking to spend time or money the same time you text or call 📞•
Now don’t waste time just come and have fun 😌🤪
💋💦🤤2393881740","Activities this service provider may enjoy
Service by two providers
Water sports - giving
Breast relief / Russian
Lunch / dinner dates
Intercourse - Oral
Massage - sensual
Massage - therapeutic
Travel / extended dates
Kissing - closed lips
Multiple sessions within date time (MSOG)
Toy show
Will entertain women
Will entertain couples
Girlfriend experience (GFE)
Face sitting
Role-playing
Pornstar experience (PSE)
Deep throat
Striptease
Fantasy outfits (on request)
Oral - receiving (DATY)
Intercourse - Vaginal (FS)","{}","{}","{travel,incall,outcall,pos}"
"https://skipthegames.com/posts/fort-myers/female-escorts/asian/69bbbjnuru-bbbj-b2bnew-sexy-gi/669630532969","fort myers","I see
Men
Race / Regionality
Asian
Accepted payment methods
Cash
Available for
Incall, Outcall
Location
Street, Tallahassee, FL, 32303
Private Offshore Sportsbetting.
Bet on NFL here.","❤️❤️NEW GIRL ARRIVED❤️❤️
689-214-5548
✴️First-class service
✴️READY TO PLAY
✴️We Are The One You Are Looking For
✅❤️Down to earth and we are really sweet Asian girls
✅❤️We pride ourself on our appearance and hygiene
✅❤️Real Deal!
✅❤️Body to Body
✅❤️BBJ GFE B2B 69
✅❤️Take a bath together
✅❤️Erotic licking
✅❤️Full Service
✅❤️Nurray massage
✅❤️Clean. Pure. Nice. Playful
✅❤️AMAZING SkillS.
✅❤️Everything you want is here
❇️ Call us now baby, hot girls waiting for u
❎ You wont find such beautiful Asian girls anywhere else.
❎ We pride ourselves in making you feel comfortable.
⚠️3210 N Monroe Street, Tallahassee, FL, 32303
We are an agency serving many cities.The photo is similar to the girl presented, but may not be 100% accurate.","N/A","{}","{}","{incall,outcall,pos,agency}"
"https://skipthegames.com/posts/fort-myers/female-escorts/caucasian_e/-available-now-wanna-play/026190284994","fort myers","I see
Men, Couples, Women
Race / Regionality
Caucasian (N. American / W. European), Caucasian (E. European / Russian)
Hair color
Blonde
Accepted payment methods
CashApp, PayPal, Cash
Available for
Incall
Location
Fort myers & surrounding areas
Tattoos
Discreet
Harder & Longer fun.
Buy your pills 100% online from a US Pharmacy here.","🚨Only contact me if you are ready to set something up!! If you waste my time you'll be blocked 🚨
✨This isnt 20 questions. Im straight forward and to the point.
✨ Donations start at 150 for incall!! Fetish play is available but its extra.
😈 I LOVE to please & am VERY open minded, so don't be shy!!
💜Let's Make Your Fantasies A reality💜
727-910-8668","N/A","{donation}","{}","{incall,pos,pal}"
"https://skipthegames.com/posts/fort-myers/female-escorts/latin/brazilian-bbw-l-luxurious-suck/016939479334","fort myers","I see
Couples, Women, Men
Race / Regionality
Latin / Brazilian
Hair color
Redhead
Accepted payment methods
Cash, CashApp
Available for
Outcall, Incall
Location
Cape Coral QUEEN LUXURY OF COMFORT
Height
5ft 4in - 5ft 7in
Breasts
Wow
Grooming down under
Shaved
Piercing
None
Tattoos
Very visible or many
Harder & Longer fun.
Buy your pills 100% online from a US Pharmacy here.","🚫 do not ask me to send you repeat pictures of myself. All ads are 100% real. I do not falsify ads
INCALL Cape Coral Young, exotic, open minded Brazilian, willing to please. I am a plus size woman 48 triple D all natural breast .. THICK THIGHS AND ROUNDED IN PERFECTION... Open minded and talented lips skills.,💦 Very discreet and classy dressed, Also my time is valuable and so is yours so if you do not like plus size women don't waste my time or yours ... Brazilian big beautiful and thick and all the right places a Pamela Anderson's twin 💋
for my LUXURY🍒 INCALLS ARE AVAILABLE and OUTCALL STARTING t 250 and up
I offer true luxury companionship with comforts of many styles and also very discreet. Hygiene is very important to me. Must have high hygiene must meet my hygienic standards in order to be in my luxurious Brazilian comforts.
45 and older preferred / Caucasians
Drug free and alcohol free environments only","Activities this service provider may enjoy
Deep throat
Intercourse - Vaginal (FS)
Role-playing
Service by two providers
Breast relief / Russian
Oral - receiving (DATY)
Oral - without condom (BBBJ)
Massage - sensual
Massage - therapeutic
Oral - CIM
Multiple sessions within date time (MSOG)
Rimming - receiving
Kissing - deep (DFK)
Submission
Fantasy outfits (on request)
Water sports - giving
Intercourse - Oral
Toy show
Travel / extended dates
Water sports - receiving
Kissing - closed lips
Will entertain couples
Face sitting
Lunch / dinner dates
Will entertain women","{}","{}","{travel,incall,outcall,pos}"
"https://skipthegames.com/posts/fort-myers/female-escorts/latin/latina-coqueta/915619040122","fort myers","I see
Men, Women
Race / Regionality
Latin / Brazilian
Hair color
Black
Accepted payment methods
CashApp, PayPal, Cash, Venmo
Available for
Incall
Location
Lehaih
Weight
130 lb
Height
5ft 4in - 5ft 7in
Breasts
Medium
Grooming down under
Natural
Piercing
None
Tattoos
Discreet
Social activities
Drink
Keep your sportsbetting winnings private.
Fund & withdraw your NFL winnings with crypto.","Hola papi si quieres pasar un agradable momento conmigo llamame","Activities this service provider may enjoy
Fantasy outfits (on request)
Massage - sensual
Prostate massage
Intercourse - Anal (Greek)
Toy show
Face sitting","{}","{}","{incall,pos,pal}"
"https://skipthegames.com/posts/fort-myers/female-escorts/black_caribbean/3-more-fun-nyla-here-/163149084908","fort myers","I see
Women, Men, Couples
Race / Regionality
Black / Caribbean
Accepted payment methods
Cash, PayPal, Amex, Visa/MC
Available for
Incall, Outcall
Location
Lee, collier, charlotte
Breasts
Wow
Grooming down under
Natural
Online Casino Gambling
Deposit now and get 500% sign up bonus; 600% with Crypto","hi nyla here looking to have some fun!! clean discrete area, can do incall, outcall and overnights
9417770581","Activities this service provider may enjoy
Multiple sessions within date time (MSOG)
Massage - sensual
Kissing - closed lips
Intercourse - Oral
Water sports - receiving
Pornstar experience (PSE)
Domination - severe
Deep throat
Massage - therapeutic
Submission
Girlfriend experience (GFE)
Water sports - giving
Striptease
Role-playing
Kissing - deep (DFK)
Service by two providers
Fantasy outfits (on request)
Rimming - receiving
Intercourse - Anal (Greek)
Face sitting
Prostate massage
Oral - CIM
Domination - mild (BDSM)
Intercourse - Vaginal (FS)
Oral - without condom (BBBJ)
Breast relief / Russian
Lunch / dinner dates
Will entertain couples
Travel / extended dates
Oral - receiving (DATY)
Toy show
Will entertain women","{}","{}","{travel,outcall,pos,pal,incall}"
"https://skipthegames.com/posts/fort-myers/female-escorts/latin/angelica-new-in-town/340615190568","fort myers","I see
Men
Race / Regionality
Latin / Brazilian
Accepted payment methods
Visa/MC, Cash
Available for
Incall
Hours
10 am to 8 pm
Location
Fort Myers
Weight
137 lb
Height
5ft 4in - 5ft 7in
DuckyLuck Casino
Deposit now w Crypto and get 600% sign up bonus","My seductive attitude will amaze you, my looks
will seduce you my skills will WOW you! Break
away from your regular routine and indulge in
something extraordinary! Your time with me is
always sensual and never rushed. Intimate and
satisfaction is guaranteed. Let me melt all of
your stress away, with extreme pleasure relaxation...and
FUN
Real and Recent pictures. Discreet, safe, and clean location. No deposit required💕 aromatherapy
2392984178","Activities this service provider may enjoy
Intercourse - Vaginal (FS)
Water sports - giving
Breast relief / Russian
Intercourse - Oral
Massage - sensual
Kissing - closed lips
Prostate massage
Deep throat
Oral - receiving (DATY)
Face sitting","{""no deposit"",deposit}","{}","{incall,angel,pos}"
"https://skipthegames.com/posts/fort-myers/female-escorts/caucasian_w/greeneyed-beauty-bella/878647119535","fort myers","I see
Men
Race / Regionality
Caucasian (N. American / W. European)
Hair color
Black
Accepted payment methods
Visa/MC, Amex, Cash
Available for
Incall
Location
College Parkway
Weight
110 lb
Height
5ft or less
Breasts
Small/petite
Grooming down under
Natural
Social activities
Drink
Free Slot Spins at Slots & Casino
Deposit now w Crypto and get 300% sign up bonus","Super Hot Playmate Awaits!!
239-238-2155
REAL PICTURES!!!!
NO SCAMS
NO DEPOSIT
I would love pleasing you, call me. I can show you better then I can tell you ❤️","Activities this service provider may enjoy
Striptease
Kissing - closed lips
Girlfriend experience (GFE)
Toy show
Intercourse - Oral
Kissing - deep (DFK)
Face sitting
Massage - sensual
Breast relief / Russian
Role-playing
Prostate massage
Oral - receiving (DATY)
Oral - without condom (BBBJ)
Deep throat
Submission
Service by two providers
Intercourse - Vaginal (FS)","{""no deposit"",deposit}","{}","{incall,pos}"
"https://skipthegames.com/posts/fort-myers/female-escorts/caucasian_w/skilled-part-girl/858827709286","fort myers","I see
Men
Race / Regionality
Caucasian (N. American / W. European)
Hair color
A funky mix, Blonde
Accepted payment methods
Cash, CashApp, WeChat
Available for
Incall
Location
Lee county
Weight
139 lb
Height
5ft 4in - 5ft 7in
Bust/waist/hips
35/30/34 in
Breasts
Large
Grooming down under
Shaved
Piercing
Visible
Tattoos
None
Social activities
Smoke
Daily Cash Back
Play Blackjack, Slots, Caribbean Stud and more","Good morning!!
I hope that you're having a good one so far. Wether or not you are I am here to make it better. I'm the cute blond, fun loving Girl next door who loves to please and tease even on my knees! Just no drama please. Let's have some fun !
See you soon!
No law enforcement please","Activities this service provider may enjoy
Pornstar experience (PSE)
Oral - receiving (DATY)
Intercourse - Anal (Greek)
Girlfriend experience (GFE)
Oral - CIM
Water sports - giving
Intercourse - Vaginal (FS)
Multiple sessions within date time (MSOG)
Kissing - deep (DFK)
Breast relief / Russian
Water sports - receiving
Massage - sensual
Lunch / dinner dates
Kissing - closed lips
Deep throat
Intercourse - Oral","{}","{}","{incall,pos}"
"https://skipthegames.com/posts/fort-myers/female-escorts/latin/best-bbj-in-fort-myers-/676286758110","fort myers","I see
Men
Race / Regionality
Exotic / Mix, Latin / Brazilian, Caucasian (N. American / W. European)
Hair color
Blonde
Accepted payment methods
Venmo, CashApp, Cash
Available for
Outcall, Incall
Location
Edison mall area
Weight
161 lb
Height
5ft 8in - 5 ft 11in
Bust/waist/hips
36/24/36 in
Breasts
Large
Grooming down under
Shaved
Piercing
Visible
Tattoos
Very visible or many
Play Online Poker
Play @ Betonline. All US residents welcomed.","Hello there, gentlemen! Are you ready to embark on a thrilling adventure filled with passion and desire? Look no further, as I am the epitome of a sultry blonde bombshell with an irresistible touch of ink. Allow me to introduce myself - I'm your ultimate fantasy come to life!
My name is Luci, a stunning blonde enchantress who possesses an insatiable appetite for pleasure. With my luscious golden locks cascading down my flawless figure, I am a sight to behold. But it's my captivating tattoos that add a touch of mystery and intrigue, leaving you yearning to uncover every hidden detail.
Behind closed doors, I become your sensual seductress, guiding you into a world of unimaginable pleasure. Every touch, every whisper, and every caress will leave you craving for more. With an enticing combination of intelligence, elegance, and a wild side, I guarantee an unforgettable experience that will leave you breathless.
Whether you seek an intimate evening behind closed doors or desire a charming companion for an event, I am the perfect choice. My tattoos serve as a visual representation of my adventurous spirit, hinting at the secrets that lie beneath the surface. Let's explore together, creating memories that will linger in your mind long after our encounter.
I am an expert in the art of seduction, and my inked skin will guide you into a realm of unparalleled pleasure. Allow me to fulfill your deepest desires, as I possess the ability to make your wildest dreams a reality. Our time together will be a fusion of passion, eroticism, and genuine connection that will leave you completely satisfied.
Discretion, respect, and satisfaction are my utmost priorities. Our encounter will remain our little secret, as I value your privacy as much as my own. So, why wait any longer? Take the plunge into a world of tantalizing pleasure, guided by the alluring charm of a blonde beauty with mesmerizing tattoos.
Don't deny yourself the opportunity to experience a rendezvous with a captivating blonde adorned in captivating ink. Contact me now, and let's create an unforgettable encounter that will leave you yearning for more. Unleash your deepest desires, and let me be your ultimate escape from reality. Together, we will create memories that will last a lifetime.
Send me a text so we can discuss meeting! I take cash, cashapp and Venmo
Engage respectfully. Book accordingly. Praise in perpetuity.","Activities this service provider may enjoy
Lunch / dinner dates
Domination - mild (BDSM)
Striptease
Oral - CIM
Intercourse - Oral
Deep throat
Oral - without condom (BBBJ)
Multiple sessions within date time (MSOG)
Face sitting
Role-playing
Oral - receiving (DATY)
Intercourse - Vaginal (FS)
Kissing - closed lips
Kissing - deep (DFK)
Will entertain couples
Girlfriend experience (GFE)","{cashapp,venmo,cash}","{}","{incall,outcall,pos,pir}"
"https://skipthegames.com/posts/fort-myers/female-escorts/asian/386-244-1771-new-bbfsasian--gi/325143927563","fort myers","I see
Men
Race / Regionality
Asian
Accepted payment methods
Cash
Available for
Incall, Outcall
Location
Pensacola, FL, 32514-8144
Big Ed's US Pharmacy
Get your HARD DICK pills delivered in 3-4 days","⭐💦Tel:386-244-1771
✅This is where you want to be
✅Clean and friendly Asian babes who will treat you like a king
✅Please try it today
✅You will definitely want to come back again
⭐100% real and ready now
⭐Full Service Massage
⭐Body-to-body NURUMassage
⚜️⚜️69
⚜️⚜️GFE
⚜️⚜️BBBJ
⚜️⚜️NUNU
⚜️⚜️ kissing
100%—sweet
100%—sexy
100%—amazing skills
⭐Girlfriend experience service
⚜️⚜️Scenic Highway, Pensacola, FL, 32514-8144
We are an agency serving many cities.The photo is similar to the girl presented, but may not be 100% accurate.","N/A","{}","{}","{incall,outcall,pos,agency}"
"https://skipthegames.com/posts/fort-myers/female-escorts/asian/69bbbjnuru-bbbj-b2bnew-sexy-gi/970594784076","fort myers","I see
Men
Race / Regionality
Asian
Accepted payment methods
Cash
Available for
Outcall, Incall
Location
2113 Atwood Dr, Pensacola, FL 32514
Play Online Poker
Play @ Betonline. All US residents welcomed.","❤️❤️NEW GIRL ARRIVED❤️❤️
315-639-7558
✴️First-class service
✴️READY TO PLAY
✴️We Are The One You Are Looking For
✅❤️Down to earth and we are really sweet Asian girls
✅❤️We pride ourself on our appearance and hygiene
✅❤️Real Deal!
✅❤️Body to Body
✅❤️BBJ GFE B2B 69
✅❤️Take a bath together
✅❤️Erotic licking
✅❤️Full Service
✅❤️Nurray massage
✅❤️Clean. Pure. Nice. Playful
✅❤️AMAZING SkillS.
✅❤️Everything you want is here
❇️ Call us now baby, hot girls waiting for u
❎ You wont find such beautiful Asian girls anywhere else.
❎ We pride ourselves in making you feel comfortable.
⚠️2113 Atwood Dr, Pensacola, FL 32514
We are an agency serving many cities.The photo is similar to the girl presented, but may not be 100% accurate.","N/A","{}","{}","{incall,outcall,pos,agency}"
"https://skipthegames.com/posts/fort-myers/female-escorts/caucasian_w/no-law--gfe-friendly---i-need-/199015000709","fort myers","I see
Women, Men
Race / Regionality
Caucasian (N. American / W. European)
Hair color
Blonde
Accepted payment methods
Cash, PayPal, CashApp
Available for
Incall, Outcall
Location
Local
Height
5ft 4in - 5ft 7in
Breasts
Wow
Grooming down under
Shaved
Piercing
None
Tattoos
None
Social activities
Drink, Smoke
Hundreds of Casino Games
Deposit now and get 300% sign up bonus; 500% with Crypto","Available for both incall and outcall service...! if interested text me soon SEXY VIDEOS AVAILABLE WITH CHEAP RATE
(941) 500-2945","Activities this service provider may enjoy
Massage - sensual
Face sitting
Prostate massage
Girlfriend experience (GFE)
Role-playing
Intercourse - Oral
Striptease
Domination - severe
Oral - without condom (BBBJ)
Will entertain women
Domination - mild (BDSM)
Oral - receiving (DATY)
Will entertain couples
Fantasy outfits (on request)
Rimming - receiving
Intercourse - Anal (Greek)
Service by two providers
Lunch / dinner dates
Water sports - giving
Kissing - deep (DFK)
Travel / extended dates
Water sports - receiving","{}","{}","{travel,outcall,pos,pal,incall}"
"https://skipthegames.com/posts/fort-myers/female-escorts/caucasian_w/mia-/777967016392","fort myers","I see
Men, Couples, Women
Race / Regionality
Caucasian (N. American / W. European)
Hair color
A funky mix
Accepted payment methods
Cash
Available for
Outcall, Incall
Location
Fort Myers / Cape Coral
Weight
130 lb
Height
5ft 4in - 5ft 7in
Breasts
Small/petite
Grooming down under
Shaved
Piercing
None
Tattoos
Discreet
Social activities
Drink
Online Slots & Casino
Play Live Blackjack, Slots and more","Mama MIA
there's nothing sweeter
Hi guys it's me Mia.
Here to fulfill all your wants and needs.
You deserve to relax, unwind, and treat yourself ~~~ and I am any flavor treat you want me to be!🍦 🥰🤗🥰🍦
Come see me or I can come see you
Incall / outcall available
No rush
Call or text
516-880-2561","Activities this service provider may enjoy
Massage - sensual
Multiple sessions within date time (MSOG)
Pornstar experience (PSE)
Will entertain couples
Lunch / dinner dates
Fantasy outfits (on request)
Massage - therapeutic
Will entertain women
Intercourse - Vaginal (FS)
Deep throat
Intercourse - Oral
Travel / extended dates
Oral - receiving (DATY)
Face sitting
Girlfriend experience (GFE)","{}","{}","{travel,incall,outcall,pos}"
"https://skipthegames.com/posts/fort-myers/female-escorts/black_caribbean/sexi-negra-latinaoutcalls-only/538905291424","fort myers","I see
Men
Race / Regionality
Black / Caribbean
Hair color
Brunette (brown)
Accepted payment methods
Cash, CashApp
Available for
Outcall
Location
Cape Coral
Weight
165 lb
Height
5ft 4in - 5ft 7in
Bust/waist/hips
38/28/38 in
Breasts
Wow
Grooming down under
Trimmed
Piercing
None
Tattoos
None
Social activities
Drink
Private Offshore Sportsbetting.
Bet on NFL here.","Outcalls only 💯
😈🔥🥵Putona Caliente con muchas ganas🤤😈💦 Ven papi y mis nalgas brinconas te dejarán séquito🤤
💦Tetona y Culona🍑 Con Vagina Jugosa y Apretadita😍😈🤤 y de unas nalgas brinconas🔥
SEXI NEGRA LATINA 🔥
New Content available for $10 cashapp ask for cashapp for new 🔥 content
Outcalls only by appointment only 💯
Text 239-345-8498","Activities this service provider may enjoy
Deep throat
Rimming - receiving
Intercourse - Anal (Greek)
Girlfriend experience (GFE)
Kissing - deep (DFK)
Intercourse - Vaginal (FS)
Breast relief / Russian
Pornstar experience (PSE)
Oral - receiving (DATY)
Face sitting
Multiple sessions within date time (MSOG)
Intercourse - Oral","{cashapp,cash}","{}","{outcall,pos}"
"https://skipthegames.com/posts/fort-myers/female-escorts/latin/latina-coqueta/833512305777","fort myers","I see
Men, Women
Race / Regionality
Latin / Brazilian
Hair color
Black
Accepted payment methods
PayPal, Cash, Venmo, CashApp
Available for
Incall
Location
Lehaih
Weight
130 lb
Height
5ft 4in - 5ft 7in
Breasts
Medium
Grooming down under
Natural
Piercing
None
Tattoos
Discreet
Social activities
Drink
Daily Cash Back
Play Blackjack, Slots, Caribbean Stud and more","Hola papi si quieres pasar un agradable momento conmigo llamame","Activities this service provider may enjoy
Massage - sensual
Prostate massage
Toy show
Face sitting
Intercourse - Anal (Greek)
Fantasy outfits (on request)","{}","{}","{incall,pos,pal}"
"https://skipthegames.com/posts/fort-myers/female-escorts/caucasian_w/hey-sweetie-im-serinity-availa/584484168606","fort myers","I see
Men, Women
Race / Regionality
Caucasian (N. American / W. European)
Hair color
A funky mix
Accepted payment methods
Cash, PayPal
Available for
Outcall, Incall
Location
Daytona
Weight
174 lb
Height
5ft 8in - 5 ft 11in
Bust/waist/hips
36/34/36 in
Breasts
Medium
Grooming down under
Shaved
Piercing
Visible
Tattoos
Discreet
Social activities
Smoke, Drink
Buy generic Ozempic here
The weight loss injectable from a US Pharmacy.","Welcome to my lovely Sanctuary,
gentlemen❤️
1st of all, thanks for stopping by and taking the time to view and read my profile. I am sweet, bubbly sexy Latina and I am a sophisticated yet simple down to earth girl next door type! whom you are going to love spending time with! I'm very outgoing and love to have fun and laugh. I value your time and privacy and would love to be your perfect secret.
I can't wait to be yours! If you are looking for a Spicy 🥵 Latina to spend your relax time and unwind look no further and contact me babe See you soon!","Activities this service provider may enjoy
Oral - without condom (BBBJ)
Girlfriend experience (GFE)
Intercourse - Oral
Lunch / dinner dates
Domination - mild (BDSM)","{}","{}","{incall,outcall,pos,pal}"
"https://skipthegames.com/posts/fort-myers/female-escorts/latin/sofia-colombiana-vip-recin-lle/159749622380","fort myers","I see
Couples, Men
Race / Regionality
Latin / Brazilian
Hair color
Black
Accepted payment methods
Cash, CashApp
Available for
Incall
Hours
7 am to 12 midnight
Location
Fort myers
Weight
57 kg
Height
1m 51cm - 1m 60cm
Bust/waist/hips
34/70/95 cm
Breasts
Medium
Grooming down under
Shaved
Piercing
None
Social activities
Drink
Online Slots & Casino
Play Live Blackjack, Slots and more","soy una chica exotica colombiana real pic video llamada verificable","Activities this service provider may enjoy
Intercourse - Anal (Greek)
Pornstar experience (PSE)
Deep throat
Face sitting
Fantasy outfits (on request)
Girlfriend experience (GFE)
Intercourse - Vaginal (FS)
Massage - therapeutic
Massage - sensual
Toy show
Breast relief / Russian","{}","{}","{incall,pos}"
"https://skipthegames.com/posts/fort-myers/female-escorts/other/941-310-4521-hi-im-amy-ready-t/510040250146","fort myers","I see
Men
Race / Regionality
Other
Hair color
Brunette (brown)
Accepted payment methods
CashApp, Cash
Available for
Incall
Hours
8 am to 9 pm
Location
Fort myers and Cape coral
Breasts
Medium
Grooming down under
Shaved
Piercing
None
Tattoos
None
Big Ed's US Pharmacy
Get your HARD DICK pills delivered in 3-4 days","/Hey Honey I'm Amy 😘
I'm sexy hot🔥 girl just Want a guy or and eat my
pussy sweet💦, I Love sex. .I am able to your area
100% real and legit
NO GAMES
TIME WASTERS
NO DRAMA
I promise definitely make you feel happy & relaxed.
You wil remember my service.
Serious People
Call me (941)310-4521","Activities this service provider may enjoy
Kissing - closed lips
Domination - mild (BDSM)
Oral - CIM
Kissing - deep (DFK)
Massage - sensual
Service by two providers
Girlfriend experience (GFE)
Submission
Toy show
Prostate massage
Water sports - giving","{}","{}","{incall,pos}"
"https://skipthegames.com/posts/fort-myers/female-escorts/exotic/the-gentlemans-choice-luxury-e/486657623166","fort myers","I see
Couples, Men
Race / Regionality
Exotic / Mix
Hair color
Brunette (brown)
Accepted payment methods
Cash, CashApp
Available for
Outcall
Hours
10 am to 12 midnight
Location
Outcall or Incall
Weight
146 lb
Height
5ft 4in - 5ft 7in
Breasts
Medium
Grooming down under
Shaved
Social activities
Smoke
Play Online Poker
Play @ Betonline. All US residents welcomed.","Salutations! I'm the curator of unforgettable moments, Kristina Luv🌹 Beyond the surface, I specialize in crafting connections that transcend the mundane. Join me in a world where authenticity reigns, and the ordinary fades away.
Are you someone who craves depth, appreciates the beauty in simplicity, and desires a genuine connection that sparks a fire within? Let's dive into a realm where shared laughter and exploration are the main attractions.
Open communication is the cornerstone of our journey. 🗨️ Your comfort and peace of mind are paramount. Let's build a sanctuary where trust flourishes, and our shared experiences remain locked away in the vault of our connection.
Ready to script our own narrative of enchantment? Reach out, and let's embark on a radiant journey together. 🔐
239-347-6899","N/A","{}","{}","{incall,outcall,pos}"
"https://skipthegames.com/posts/fort-myers/female-escorts/caucasian_w/your-favorite-bbw/063715857786","fort myers","I see
Men
Race / Regionality
Caucasian (N. American / W. European), Latin / Brazilian, Exotic / Mix
Hair color
Black
Accepted payment methods
CashApp, Venmo, Cash
Available for
Incall
Location
COLONIAL BLVD AN I75
Weight
194 lb
Height
5ft 4in - 5ft 7in
Breasts
Medium
Grooming down under
Shaved
Piercing
Visible
Tattoos
Very visible or many
Social activities
Drink, Smoke
DuckyLuck Casino
Deposit now w Crypto and get 600% sign up bonus","• 100 QV
• NO BARE
• NO BBJ
• NO GFE
• NO GREEK
• Sell Content
• FACETIME SHOW 60💰
• NO DEPOSIT NEEDED
• FACETIME VERIFY
• NO PIMPS NO POLICE
• PICS ACCURATE
• INCALL Available
• OUTCALL Available With Deposit","Activities this service provider may enjoy
Multiple sessions within date time (MSOG)
Deep throat
Oral - receiving (DATY)
Prostate massage
Intercourse - Vaginal (FS)","{""no deposit"",deposit}","{}","{incall,outcall,pos}"
"https://skipthegames.com/posts/fort-myers/female-escorts/black_caribbean/hello-gentlemen-my-name-is-jai/254360491012","fort myers","I see
Men, Women, Couples
Race / Regionality
Black / Caribbean
Hair color
Black
Accepted payment methods
Venmo, Cash, CashApp, PayPal
Available for
Incall, Outcall
Location
Self employed
Breasts
Small/petite
Social activities
Smoke, Drink
Keep your sportsbetting winnings private.
Fund & withdraw your NFL winnings with crypto.","I am a nice open minded girl with a good attitude, a bundle of smiles, and energy. I make a genuine effort to please and am very good at what I do
I am inviting you to something out of the ordinary – an exclusive experience specially tailored to your desires and preferences, to stimulate body and mind in an exquisite manner. An energy you will be sure to LOVE, I'll have you begging for more.
I am 5’8, size 8 dress, I have C cup perky breasts and a nice toned figure with a chocolate bubble butt for you to grab and spank.","Activities this service provider may enjoy
Oral - without condom (BBBJ)
Massage - sensual
Water sports - receiving
Striptease
Role-playing
Intercourse - Vaginal (FS)
Water sports - giving
Service by two providers
Breast relief / Russian
Submission
Will entertain women
Girlfriend experience (GFE)
Massage - therapeutic
Lunch / dinner dates
Toy show
Intercourse - Oral
Domination - severe
Pornstar experience (PSE)
Multiple sessions within date time (MSOG)
Rimming - receiving
Travel / extended dates
Will entertain couples
Fantasy outfits (on request)
Kissing - deep (DFK)
Oral - receiving (DATY)
Prostate massage
Deep throat
Intercourse - Anal (Greek)
Kissing - closed lips
Face sitting
Domination - mild (BDSM)
Oral - CIM","{}","{}","{travel,outcall,pos,pal,incall}"
"https://skipthegames.com/posts/fort-myers/female-escorts/asian/239-887-0690best-service-new-g/647899534251","fort myers","I see
Men
Race / Regionality
Asian
Hair color
Black
Accepted payment methods
Cash
Available for
Incall
Hours
10 am to 8 pm
Location
17240 S Tamiami Trl #4, Fort Myers,
Weight
110 lb
Height
5ft or less
Breasts
Wow
Grooming down under
Natural
Piercing
None
Tattoos
None
DuckyLuck Casino
Deposit now w Crypto and get 600% sign up bonus","Angel's Touch Spa Boutique
☎️☎️239-887-0690☎️☎️
🌿🌿17240 S Tamiami Trl #4, Fort Myers, FL 33908🌿🌿
Open 7 days : 9:30am-8:00pm
I am Sexy Asian girl with Passions and Endless Imagination!
Open-minded!Serve you best!You'll be Treated as you wanted!
If you are tired because of work,come to my warm world,let me massage you,help you eliminate fatigue,and ensure that you can't forget me!
🔥🔥We are all very sexy, charming, plump and petite.
🔥🔥We like to spend time with a nice upscale gentleman!
▶ I will let you have a memorable, happy time
Sweet and Discreet
Clean,Private,comfortable,warm and Elegant environment, high-quality service.
Talented Asian Massages to serve you!Clean and friendly will treat you like a king.
Come and spend some time with me!!!
We are an agency serving many cities. The photo is similar to the girl presented, but may not be 100% accurate.","N/A","{}","{}","{incall,agency,angel,pos}"
"https://skipthegames.com/posts/fort-myers/female-escorts/other/941-310-4521-hi-im-amy-ready-t/814822372516","fort myers","I see
Men
Race / Regionality
Other
Hair color
Brunette (brown)
Accepted payment methods
Cash, CashApp
Available for
Incall
Hours
8 am to 9 pm
Location
Fort myers and Cape coral
Breasts
Medium
Grooming down under
Shaved
Piercing
None
Tattoos
None
Weight Loss made easy
Buy Hollywood's preferred weight loss injectable here.","/Hey Honey I'm Amy 😘
I'm sexy hot🔥 girl just Want a guy or and eat my
pussy sweet💦, I Love sex. .I am able to your area
100% real and legit
NO GAMES
TIME WASTERS
NO DRAMA
I promise definitely make you feel happy & relaxed.
You wil remember my service.
Serious People
Call me (941)310-4521","Activities this service provider may enjoy
Girlfriend experience (GFE)
Submission
Oral - CIM
Massage - sensual
Service by two providers
Kissing - closed lips
Kissing - deep (DFK)
Water sports - giving
Domination - mild (BDSM)
Toy show
Prostate massage","{}","{}","{incall,pos}"
"https://skipthegames.com/posts/fort-myers/female-escorts/asian/carnal-asian-meat-lab-239-748-/392059490090","fort myers","I see
Couples, Men
Race / Regionality
Asian
Hair color
Black
Accepted payment methods
Cash
Available for
Incall
Hours
9 am to 1 am
Location
5001 US-301,Tampa,FL 33610
Weight
110 lb
Height
5ft or less
Breasts
Wow
Grooming down under
Natural
Piercing
None
Tattoos
None
Play Online Poker
Play @ Betonline. All US residents welcomed.","🆕The first sexy girl:
Sandra from Philippines. And ill be here in Florida for 20 days😊 everyone who wanna have a good time am up for a meet up and date 😊 let me be the one who will give you your temporary yet memorable happiness 😊😘❤️😘
🆕The second sexy girl:
Sako ,22 Years old .
She is stunning n very naughty girl. 36 E cup.big tits. She is a model and 168 cm tall. hot and love . very good full.service gfe bbbj cim nuru and fetish.. 💕She said: I squirt when I come. Gimme a call my dear I will drive you crazy with my best services.
🆕The third sexy girl
Hey Guys! I'm A M A R A mix lady with a natural body . I will stay in Florida for 10 days.Make me booking early.😘😘😘
Call or Text: ☎️239-748-9333☎️
Add1:5001 US-301,Tampa,FL 33610
9:00 AM - 1:00AM
We are an agency serving many cities. The photo is similar to the girl presented, but may not be 100% accurate.","N/A","{}","{}","{incall,agency,pos}"
"https://skipthegames.com/posts/fort-myers/female-escorts/exotic/sexy-friend-duo-gina-and-naty/325277320851","fort myers","I see
Men
Race / Regionality
Exotic / Mix, Latin / Brazilian
Hair color
Black
Accepted payment methods
Amex, Cash, Visa/MC, Venmo
Available for
Incall
Location
South Fort Myers
Weight
115 lb
Breasts
Large
Grooming down under
Natural
Play Online Poker
Play @ Betonline. All US residents welcomed.","Sweet, Sexy, Flirty and Fun Gorgeous Latina. Ask about Friends ❤️
Call or text 239-270-9583
❤️please no explicit talk❤️
4 Hands Available
REAL PICTURES!!!! New in Town ❤️
NO SCAMS
NO DEPOSIT
EASY BOOKING
100 Percent%
Real 💕
Clean 💕
Discreet 💕
Fun 💕
Safe💕
Non rushed services, here to satisfy your every needs, wants, and desires. Call me sweetheart and lets turn fantasy into reality! I love to play. Do you?
🌸 Blossom 🌸","Activities this service provider may enjoy
Breast relief / Russian
Kissing - deep (DFK)
Fantasy outfits (on request)
Face sitting
Intercourse - Vaginal (FS)
Oral - without condom (BBBJ)
Oral - receiving (DATY)
Girlfriend experience (GFE)
Massage - sensual
Intercourse - Oral
Lunch / dinner dates
Service by two providers
Intercourse - Anal (Greek)
Kissing - closed lips","{""no deposit"",deposit}","{}","{incall,pos}"
"https://skipthegames.com/posts/fort-myers/female-escorts/latin/sarah/347590904615","fort myers","I see
Men
Race / Regionality
Latin / Brazilian
Hair color
Black
Accepted payment methods
Cash
Available for
Incall
Hours
11 am to 8 pm
Location
Fort Myers
Weight
121 lb
Height
5ft 1in - 5ft 3in
Breasts
Large
Piercing
None
Tattoos
None
Social activities
Drink
Private Offshore Sportsbetting.
Bet on NFL here.","hello there, I'm a very romantic woman who likes to treat everyone with respect.
Very sensual, very beautiful and very sexy.
No massage just an aroma therapy intire service.
No rush (incalls only)
And a very good time guaranteed.
I am 100% real my pictures are me and no, I do not show my face so please don't ask.","N/A","{}","{}","{incall,pos}"
"https://skipthegames.com/posts/fort-myers/female-escorts/latin/angelica-new-in-town/064266777550","fort myers","I see
Men
Race / Regionality
Latin / Brazilian
Accepted payment methods
Cash, Visa/MC
Available for
Incall
Hours
10 am to 8 pm
Location
Fort Myers
Weight
137 lb
Height
5ft 4in - 5ft 7in
Free Slot Spins at Slots & Casino
Deposit now w Crypto and get 300% sign up bonus","My seductive attitude will amaze you, my looks
will seduce you my skills will WOW you! Break
away from your regular routine and indulge in
something extraordinary! Your time with me is
always sensual and never rushed. Intimate and
satisfaction is guaranteed. Let me melt all of
your stress away, with extreme pleasure relaxation...and
FUN
Real and Recent pictures. Discreet, safe, and clean location. No deposit required💕 aromatherapy
2392984178","Activities this service provider may enjoy
Massage - sensual
Prostate massage
Intercourse - Vaginal (FS)
Intercourse - Oral
Face sitting
Water sports - giving
Oral - receiving (DATY)
Kissing - closed lips
Breast relief / Russian
Deep throat","{""no deposit"",deposit}","{}","{incall,angel,pos}"
"https://skipthegames.com/posts/fort-myers/female-escorts/latin/jade-back-in-town-sexy-hot-and/757487182346","fort myers","I see
Men
Race / Regionality
Latin / Brazilian
Hair color
Brunette (brown), Black
Accepted payment methods
Cash, CashApp
Available for
Incall
Hours
9 am to 11 pm
Location
Cape Coral Del Prado S
Weight
108 lb
Height
5ft 1in - 5ft 3in
Breasts
Large
Grooming down under
Shaved
Piercing
None
Tattoos
None
Weight Loss made easy
Buy Hollywood's preferred weight loss injectable here.","JADE SEXY LATINA IN TODAY .....Let me tease you. Let's make our own little fantasy together.
No rules, no limits. Literally any kink or taboo you can dream of.
Lets make it sound so real, you fall in love service warranty ..
NO RUSH ..:
NO SCAM NO DEPOSIT...
call for a better service 239-422-4557 NEW MANEGMENT NEW OWNERS
100% my Real pic or I give you, your $$$ Back","Activities this service provider may enjoy
Prostate massage
Role-playing
Girlfriend experience (GFE)
Intercourse - Oral
Service by two providers
Toy show
Oral - without condom (BBBJ)
Oral - receiving (DATY)
Fantasy outfits (on request)
Face sitting
Intercourse - Vaginal (FS)
Kissing - deep (DFK)
Intercourse - Anal (Greek)
Deep throat
Rimming - receiving
Oral - CIM
Kissing - closed lips
Breast relief / Russian
Striptease
Massage - sensual","{""no deposit"",deposit}","{}","{incall,pos}"
"https://skipthegames.com/posts/fort-myers/female-escorts/asian/bbbjhot-mixed-race-beauty520-5/753627386979","fort myers","I see
Men
Race / Regionality
Asian
Accepted payment methods
Cash
Available for
Incall, Outcall
Location
Orlando, FL 32809
Big Ed's US Pharmacy
Get your HARD DICK pills delivered in 3-4 days","🔥🔥🔥 sexy hot girls No waiting & No time wasting 💥💥💥
❣️💕❣️ Do anything U want 💥💥
❣️💕❣️Like doggy sex 💥💥
❣️💕❣️BBBJ💥BBFS💥
❣️💕❣️Licking 💥💥
❣️💕❣️Suck 💥💥
💋💋💋 Everything is naked For u and Me 💥💥
☎️☎️☎️))))) Call: ⏩⏩520-524-5710
💋💋💋 Orlando, FL 32809
We are an agency serving many cities.The photo is similar to the girl presented, but may not be 100% accurate.","N/A","{}","{}","{incall,outcall,pos,agency}"
"https://skipthegames.com/posts/fort-myers/female-escorts/latin/mulattofreak-hoe-cum-play-with/239197215755","fort myers","I see
Men, Couples, Women
Race / Regionality
Latin / Brazilian, Black / Caribbean, Exotic / Mix
Hair color
Brunette (brown)
Accepted payment methods
Cash, CashApp
Available for
Outcall
Location
Fort Myers
Tattoos
Very visible or many
Weight Loss made easy
Buy Hollywood's preferred weight loss injectable here.","LOLA ~ +1 239-329-5406
I am Sexy, sassy,Reliable, down 2 earth with nothing but good vibes and always aim to please.. 💋
Do’s🪷
✅Clean Hygiene
✅Very Discreet
✅Fetish Friendly
✅Open-minded
✅️in calls| Outcalls|Carplay.
✅$200 minimum!
DONT'S
❌️No Law Enforcement
❌️No LOW Ballers! CHEAPSKATES
❌️No Greek
❌️And please don't ask me to send you any inappropriate pictures to verify
🌸....♡ ♡ ♡ ♡....🌸
If you want a great experience and none of that BS call me ♡♡
**!SERIOUS inquiries ONLY!**
(Please DO NOT waste my time and I will not waste yours)🌸+1 239-329-5406","Activities this service provider may enjoy
Face sitting
Will entertain couples
Domination - mild (BDSM)
Oral - receiving (DATY)
Toy show
Oral - without condom (BBBJ)
Massage - sensual
Water sports - giving
Lunch / dinner dates
Water sports - receiving
Striptease
Service by two providers
Domination - severe
Multiple sessions within date time (MSOG)
Intercourse - Oral
Kissing - closed lips
Massage - therapeutic
Fantasy outfits (on request)
Rimming - receiving
Submission
Will entertain women
Kissing - deep (DFK)
Oral - CIM
Intercourse - Vaginal (FS)
Girlfriend experience (GFE)
Pornstar experience (PSE)
Role-playing
Travel / extended dates","{}","{}","{travel,outcall,pos}"
"https://skipthegames.com/posts/fort-myers/female-escorts/asian/sexyasian-girls850-448-3766ful/629842279597","fort myers","I see
Men
Race / Regionality
Asian
Accepted payment methods
Cash
Available for
Incall, Outcall
Location
Metro Pkwy, Fort Myers, FL, 33916
Private Offshore Sportsbetting.
Bet on NFL here.","Hi, guys!
☎️:850-448-3766
Are you ready for full body rubdowns.?
I am a Sexy Asian hottie with charming black eyes, cute body and nice face.
Very open minded, friendly attitude.
You will for sure not be disappointed and I enjoy what I do
and I am dedicated to making you happy.
Everything you want...
♋️ Nude Prostate Massage
♋️ Kiss, Licking and Touching
♋️ Shower Together
♋️GFE, FuLl Service
4455 Metro Pkwy, Fort Myers, FL, 33916
We are an agency serving many cities.The photo is similar to the girl presented, but may not be 100% accurate.","N/A","{}","{}","{incall,outcall,pos,agency}"
"https://skipthegames.com/posts/fort-myers/female-escorts/latin/-lia-latina-colombia-bebe-rica/852208125350","fort myers","I see
Men
Race / Regionality
Latin / Brazilian
Hair color
Black
Accepted payment methods
Cash
Available for
Incall
Location
Cape Coral fort Myers
Weight
126 lb
Breasts
Large
Grooming down under
Shaved
Tattoos
Discreet
Get your Hard Dick pills here.
Same active ingredient as Viagra® @$60/mo.","Caliente latina colombiana,con un cuerpo rico para chupartelo doy besitos culito y un xexo estramadamente rico
servicio completo llámame y saca tu cita amores
tu vienes a mi lugar independiente no estoy afiliada a la ley no policia no Depocito
si deceas que balla a tu lugar llámame y le doy la información de la salida A uste
Llámame para más información","Activities this service provider may enjoy
Face sitting
Kissing - deep (DFK)
Domination - severe
Intercourse - Vaginal (FS)
Massage - sensual
Breast relief / Russian
Intercourse - Anal (Greek)
Deep throat
Fantasy outfits (on request)
Massage - therapeutic
Girlfriend experience (GFE)
Intercourse - Oral","{}","{}","{incall,pos}"
"https://skipthegames.com/posts/fort-myers/female-escorts/caucasian_w/let-me-bounce-on-you/480033724541","fort myers","I see
Men
Race / Regionality
Caucasian (N. American / W. European)
Hair color
Redhead
Accepted payment methods
Venmo, Visa/MC, Cash
Available for
Outcall
Location
North Ft Myers
Weight
121 lb
Height
5ft 1in - 5ft 3in
Breasts
Small/petite
Grooming down under
Shaved
Piercing
None
Tattoos
None
Social activities
Smoke
Online Slots & Casino
Play Live Blackjack, Slots and more","Hey I'm Holly. I'm 40 years old natural red head!!! Im ready and waiting for you to come see me so I can bounce on top of you or you can bend me over lol!!! Call me or text me at
239-365 7475
Seeking Generous Gentleman.
CAR DATE OR OUTCALL ONLY!!!
NO INCALLS!!!","Activities this service provider may enjoy
Water sports - giving
Intercourse - Vaginal (FS)
Intercourse - Anal (Greek)
Breast relief / Russian
Toy show
Intercourse - Oral
Oral - without condom (BBBJ)","{}","{}","{incall,outcall,pos}"
"https://skipthegames.com/posts/fort-myers/female-escorts/black_caribbean/supasoakaa-the-headdoctor--war/941169311540","fort myers","I see
Men
Race / Regionality
Black / Caribbean
Hair color
Black
Accepted payment methods
Cash, Venmo, CashApp, PayPal
Available for
Outcall, Incall
Location
Self employed
Breasts
Small/petite
Grooming down under
Shaved
Social activities
Smoke, Drink
Big Ed's US Pharmacy
Get your HARD DICK pills delivered in 3-4 days","Hey Loves I'm Here For A Good Time Not A Long Time Come See Me If U Want To Have A Good Time & Let Me Empty Those Nuts For You , & Let U Beat My Back While This Tight Wet P*ssy Grip Back & Talk To YOU 👅💦 No RUSH !!️ NO BS , NO POLICE AFFILIATION , I LOVE BLACK & White GUYS NICE CLEAN GUYS W POSITIVE ENERGY 💕 100% Real ❤️ NO CATFISH , THE GIRL IN THE PIC 🌸 COme Get The ""SupaSoakaa EXPERIENCE "" I Promise U Wont Be Dissapointed See U Soon","Activities this service provider may enjoy
Submission
Intercourse - Anal (Greek)
Domination - mild (BDSM)
Fantasy outfits (on request)
Massage - sensual
Massage - therapeutic
Deep throat
Intercourse - Oral
Oral - receiving (DATY)
Lunch / dinner dates
Oral - CIM
Water sports - receiving
Will entertain couples
Girlfriend experience (GFE)
Pornstar experience (PSE)
Prostate massage
Toy show
Domination - severe
Face sitting
Will entertain women
Intercourse - Vaginal (FS)
Kissing - closed lips
Rimming - receiving
Water sports - giving
Breast relief / Russian
Kissing - deep (DFK)
Oral - without condom (BBBJ)
Travel / extended dates
Role-playing
Multiple sessions within date time (MSOG)
Service by two providers
Striptease","{}","{}","{travel,outcall,pos,pal,incall}"
"https://skipthegames.com/posts/fort-myers/female-escorts/asian/448-205-2866suckinglickinggfen/313510353546","fort myers","I see
Men
Race / Regionality
Asian
Accepted payment methods
Cash
Available for
Outcall, Incall
Location
Rd, Jacksonville, FL, 32258
Big Ed's US Pharmacy
Get your HARD DICK pills delivered in 3-4 days","💥💥NEW IN TOWN!!!!!!💥💥
💥💥448-205-2866💥💥
💥💥 24h💥💥
💖I enjoy being in the moment and bring my whole true self to our experience. You will feel instantly at ease the moment we meet!
💖I’m excited about the many fun adventures we are set to go on. If you’re shy I’m an excellent leader.
Providing an unrushed """"""""""""""""All about you"""""""""""""""" Playtime. COME & FEEL THE MOMENT!!!
💖Sucking&Licking💖
💖 G.F.E Open Minded 💖
💖BBBJ 69 CIM COF DATY💖
💖 B2B Nuru Massage 💖
💖erotic lick eat &💖
💖GFE bbfs & new 69 style💖
💖&shower together & kissing me and touch me💖
14402 Old St. Augustine Rd, Jacksonville, FL, 32258
We are an agency serving many cities.The photo is similar to the girl presented, but may not be 100% accurate.","N/A","{}","{insta}","{incall,outcall,pos,agency}"
"https://skipthegames.com/posts/fort-myers/female-escorts/asian/69bbbjnuru-bbbj-b2bnew-sexy-gi/706567115971","fort myers","I see
Men
Race / Regionality
Asian
Accepted payment methods
Cash
Available for
Incall, Outcall
Location
Davis Hwy, Pensacola, FL, 32514
Private Offshore Sportsbetting.
Bet on NFL here.","❤️❤️NEW GIRL ARRIVED❤️❤️
772-251-2208
✴️First-class service
✴️READY TO PLAY
✴️We Are The One You Are Looking For
✅❤️Down to earth and we are really sweet Asian girls
✅❤️We pride ourself on our appearance and hygiene
✅❤️Real Deal!
✅❤️Body to Body
✅❤️BBJ GFE B2B 69
✅❤️Take a bath together
✅❤️Erotic licking
✅❤️Full Service
✅❤️Nurray massage
✅❤️Clean. Pure. Nice. Playful
✅❤️AMAZING SkillS.
✅❤️Everything you want is here
❇️ Call us now baby, hot girls waiting for u
❎ You wont find such beautiful Asian girls anywhere else.
❎ We pride ourselves in making you feel comfortable.
⚠️8080 N Davis Hwy, Pensacola, FL, 32514
We are an agency serving many cities.The photo is similar to the girl presented, but may not be 100% accurate.","N/A","{}","{}","{incall,outcall,pos,agency}"
"https://skipthegames.com/posts/fort-myers/female-escorts/latin/busty-bombshell---sasha-/531774256569","fort myers","I see
Men
Race / Regionality
Latin / Brazilian
Hair color
Blonde
Accepted payment methods
Cash, Amex, Visa/MC
Available for
Incall
Hours
10 am to 10 pm
Location
Fort myers
Height
5ft 4in - 5ft 7in
Hundreds of Casino Games
Deposit now and get 300% sign up bonus; 500% with Crypto","Upscale and experienced provider who takes pride in providing the BEST service possible. Come join me and lets show each other a time to remember!
Aromatherapy
Real, safe, clean, and discreet location.
Call or text 2393750954","Activities this service provider may enjoy
Face sitting
Oral - receiving (DATY)
Prostate massage
Intercourse - Vaginal (FS)
Intercourse - Oral
Deep throat
Breast relief / Russian
Striptease","{}","{}","{incall,pos}"
"https://skipthegames.com/posts/fort-myers/female-escorts/caucasian_w/new-new-new-/425963815933","fort myers","I see
Women, Men
Race / Regionality
Caucasian (N. American / W. European)
Available for
Incall
Location
Fm
Big Ed's US Pharmacy
Get your HARD DICK pills delivered in 3-4 days","You will love to explore my sexy body!! Let me show you how a real woman takes care of her man !!
Call or Text 305 610 9917","N/A","{}","{}","{incall,pos}"
"https://skipthegames.com/posts/fort-myers/female-escorts/asian/813-921-3453new-asian-hottiesb/370807376914","fort myers","I see
Men
Race / Regionality
Asian
Accepted payment methods
Cash
Available for
Outcall, Incall
Location
US Hwy 231, Panama City, FL, 32405
Harder & Longer fun.
Buy your pills 100% online from a US Pharmacy here.","❤️Brand new Asian Hottie!
Call: 813-921-3453
❤️Have you ever thought of being treated by a sweet smiling Hottie you like?
❤️Do you like the B2B, G.F.E?
❤️ Do you want to find a perfect Hotties be with you?
❤️ Do you feel sad and lonely?
❤️Congratulations, you have found a right one!
❤️Relax your body and mind and start immediately, there is no better choice than this!
❤️ G.F.E, BBBJ, B2B And all you can image !
❤️We are ready to give you the best service, please call us directly!
❤️Sweet and lovely Asian Hotties are waiting for you!
217 North US Hwy 231, Panama City, FL, 32405
We are an agency serving many cities.The photo is similar to the girl presented, but may not be 100% accurate.","N/A","{}","{}","{incall,outcall,pos,agency}"
"https://skipthegames.com/posts/fort-myers/female-escorts/asian/484-272-3622new-asian-hottiesb/742889128437","fort myers","I see
Men
Race / Regionality
Asian
Accepted payment methods
Cash
Available for
Incall, Outcall
Location
Monroe St, Tallahassee, FL 32303
Daily Cash Back
Play Blackjack, Slots, Caribbean Stud and more","❤️Brand new Asian Hottie!
Call: 484-272-3622
❤️Have you ever thought of being treated by a sweet smiling Hottie you like?
❤️Do you like the B2B, G.F.E?
❤️ Do you want to find a perfect Hotties be with you?
❤️ Do you feel sad and lonely?
❤️Congratulations, you have found a right one!
❤️Relax your body and mind and start immediately, there is no better choice than this!
❤️ G.F.E, BBBJ, B2B And all you can image !
❤️We are ready to give you the best service, please call us directly!
❤️Sweet and lovely Asian Hotties are waiting for you!
3102 N Monroe St, Tallahassee, FL 32303
We are an agency serving many cities.The photo is similar to the girl presented, but may not be 100% accurate.","N/A","{}","{}","{incall,outcall,pos,agency}"
